timestamp,sensor1_index,sensor1_PM1count,sensor1_PM2_5count,sensor1_PM10count,sensor1_PM1mass,sensor1_PM2_5mass,sensor1_PM10mass,sensor1_sensor_T,sensor1_sensor_RH,sensor2_index,sensor2_PM1count,sensor2_PM2_5count,sensor2_PM10count,sensor2_PM1mass,sensor2_PM2_5mass,sensor2_PM10mass,sensor2_sensor_T,sensor2_sensor_RH
2026-04-01T14:08:44.437522,0,209,210,211,16.7,21.9,54.9,31.07,45.1,1,240,241,242,15.8,20.9,43.6,32.09,41.2
2026-04-01T14:09:44.465071,0,242,242,243,17.7,22.9,55.9,31.05,45.08,1,175,176,177,13.2,21.0,24.0,32.08,41.36
2026-04-01T14:10:44.469854,0,228,229,229,17.9,23.0,23.0,31.11,45.13,1,211,212,212,15.2,20.4,26.6,32.13,41.31
2026-04-01T14:11:44.470449,0,220,223,223,15.9,28.8,61.8,31.11,45.12,1,219,222,223,15.5,30.9,40.2,32.11,41.39
2026-04-01T14:12:44.529034,0,228,230,230,16.8,27.1,40.5,31.11,45.5,1,216,219,220,15.9,31.3,37.5,32.09,41.64
2026-04-01T14:13:44.564096,0,207,210,210,13.5,26.4,59.4,31.11,45.69,1,182,183,184,12.1,17.3,33.8,32.11,41.87
2026-04-01T14:14:44.622672,0,292,292,293,19.4,22.0,68.5,31.11,45.5,1,189,191,192,13.0,28.5,48.1,32.11,41.83
2026-04-01T14:15:44.669653,0,220,222,222,16.6,26.9,56.8,31.17,45.04,1,193,194,194,14.9,20.0,39.6,32.09,41.44
2026-04-01T14:16:44.670292,0,258,259,261,17.9,28.2,57.1,31.11,44.51,1,246,246,248,16.3,16.3,92.7,32.11,40.83
2026-04-01T14:17:44.728872,0,242,243,243,17.1,24.8,51.7,31.01,44.22,1,224,226,226,14.7,25.0,28.1,32.07,40.36
2026-04-01T14:18:44.756383,0,232,234,235,16.4,26.7,39.0,30.97,44.55,1,214,215,215,15.5,23.2,63.5,32.03,40.65
2026-04-01T14:19:44.757166,0,226,226,226,15.6,15.6,32.1,30.94,45.03,1,213,214,215,14.5,22.3,52.2,32.01,41.31
2026-04-01T14:20:44.776885,0,195,196,197,13.4,23.7,53.6,30.92,45.31,1,184,186,186,13.4,26.2,29.3,31.95,41.44
2026-04-01T14:21:44.805231,0,194,194,195,13.8,13.8,60.3,30.92,45.17,1,232,233,234,16.8,27.1,30.2,31.95,41.29
2026-04-01T14:22:44.863812,0,188,188,190,13.2,18.3,108.2,30.85,44.73,1,241,242,242,17.3,22.4,38.9,31.86,40.8
2026-04-01T14:23:44.922352,0,209,210,211,15.0,20.1,45.9,30.83,45.53,1,224,225,225,16.5,19.1,49.1,31.9,41.73
2026-04-01T14:24:44.932604,0,220,223,223,15.9,31.3,47.8,30.81,45.08,1,189,191,192,12.8,25.7,99.1,31.86,41.36
2026-04-01T14:25:44.991165,0,204,205,205,16.2,24.0,40.5,30.79,44.72,1,205,206,206,15.5,18.1,31.6,31.82,41.04
2026-04-01T14:26:45.049734,0,247,250,250,17.1,32.6,52.2,30.77,44.86,1,171,173,174,12.6,25.5,71.9,31.78,41.1
2026-04-01T14:27:45.082793,0,186,186,187,14.4,14.4,17.5,30.69,44.57,1,212,213,213,13.9,19.0,19.0,31.66,40.62
2026-04-01T14:28:45.110342,0,183,185,186,13.2,23.5,43.1,30.68,44.63,1,186,188,188,12.5,22.8,39.4,31.69,40.94
2026-04-01T14:29:45.168890,0,215,216,216,14.8,19.9,49.9,30.66,44.91,1,197,199,199,17.0,27.3,67.6,31.64,41.19
2026-04-01T14:30:45.227469,0,231,233,233,16.4,26.7,29.8,30.62,44.55,1,181,183,183,13.0,25.9,25.9,31.62,40.79
2026-04-01T14:31:45.285037,0,192,194,195,13.9,24.2,43.8,30.64,44.63,1,183,184,184,13.0,18.1,37.7,31.61,40.77
2026-04-01T14:32:45.343619,0,206,208,208,15.1,25.4,45.0,30.58,44.6,1,207,208,208,14.4,22.1,22.1,31.57,40.78
2026-04-01T14:33:45.402202,0,181,182,183,14.1,21.8,44.5,30.52,45.05,1,206,207,207,15.0,17.6,31.0,31.59,41.23
2026-04-01T14:34:45.460750,0,219,222,223,16.4,31.8,105.2,30.5,45.55,1,228,230,231,16.6,29.5,56.4,31.57,41.76
2026-04-01T14:35:45.516602,0,246,247,248,17.3,25.1,44.7,30.45,45.45,1,183,184,184,13.4,16.0,35.6,31.45,41.72
2026-04-01T14:36:45.575183,0,201,201,202,14.9,20.1,60.4,30.42,45.75,1,199,200,200,13.4,18.5,35.0,31.45,42.26
2026-04-01T14:37:45.575416,0,245,248,248,16.0,34.0,64.0,30.32,46.15,1,257,259,259,18.8,26.6,66.9,31.32,42.31
2026-04-01T14:38:45.602960,0,248,249,249,17.4,25.1,41.6,30.32,46.15,1,213,214,215,13.6,18.8,28.0,31.29,42.23
2026-04-01T14:39:45.661509,0,187,188,189,13.2,20.9,30.2,30.34,45.9,1,168,171,171,11.2,29.2,59.2,31.26,42.27
2026-04-01T14:40:45.661660,0,193,195,196,13.6,29.1,59.1,30.34,45.57,1,183,183,184,13.0,15.5,21.7,31.28,41.82
2026-04-01T14:41:45.720246,0,198,199,199,14.7,19.9,33.3,30.32,44.98,1,172,173,174,12.3,17.4,23.6,31.24,41.23
2026-04-01T14:42:45.778830,0,204,206,207,13.9,26.7,43.3,30.32,44.58,1,191,192,193,13.3,18.5,61.9,31.2,40.86
2026-04-01T14:43:45.796652,0,186,187,187,13.1,18.2,45.1,30.24,44.49,1,204,205,206,14.9,20.1,39.7,31.2,40.78
2026-04-01T14:44:45.835675,0,182,183,184,13.1,18.2,61.6,30.2,44.79,1,174,175,175,12.3,20.0,20.0,31.16,41.32
2026-04-01T14:45:45.894226,0,191,192,192,13.9,21.7,35.1,30.2,44.75,1,198,199,199,13.3,18.5,45.4,31.13,41.31
2026-04-01T14:46:45.952813,0,208,209,209,14.3,19.4,22.5,30.13,44.86,1,152,153,154,11.4,16.6,36.2,31.09,41.38
2026-04-01T14:47:46.011382,0,188,189,190,13.4,16.0,25.2,30.0,44.38,1,171,171,172,12.3,14.8,58.2,31.01,40.76
2026-04-01T14:48:46.038929,0,202,202,202,14.9,14.9,28.4,29.98,44.71,1,200,200,202,14.3,14.3,56.5,30.98,40.93
2026-04-01T14:49:46.097510,0,204,204,205,14.7,14.7,44.6,29.94,45.23,1,173,175,175,13.4,21.2,21.2,30.94,41.52
2026-04-01T14:50:46.156056,0,181,183,183,13.2,26.1,29.2,29.89,45.79,1,188,188,189,12.5,15.1,41.9,30.9,42.0
2026-04-01T14:51:46.214634,0,187,189,189,15.9,26.2,26.2,29.87,46.03,1,192,194,194,13.5,23.8,37.3,30.78,42.46
2026-04-01T14:52:46.273203,0,210,211,212,16.2,18.8,31.1,29.79,45.95,1,200,203,203,14.0,26.9,40.4,30.78,42.24
2026-04-01T14:53:46.280651,0,201,203,204,13.8,24.1,70.6,29.73,45.3,1,178,179,180,12.9,23.2,32.4,30.76,41.65
2026-04-01T14:54:46.339231,0,199,200,201,15.5,23.2,39.7,29.75,44.86,1,173,174,175,12.8,23.1,32.4,30.72,41.16
2026-04-01T14:55:46.339609,0,164,165,166,12.2,19.9,49.9,29.73,44.91,1,162,164,164,11.8,19.5,62.9,30.67,41.0
2026-04-01T14:56:46.369057,0,192,194,194,14.0,21.8,21.8,29.68,44.75,1,159,160,161,10.4,15.6,48.6,30.55,41.2
2026-04-01T14:57:46.427635,0,189,190,191,13.2,23.5,70.0,29.55,45.11,1,165,167,168,12.3,25.2,41.7,30.47,41.47
2026-04-01T14:58:46.436652,0,224,225,225,15.6,18.1,34.7,29.51,45.2,1,166,167,167,11.6,16.8,30.2,30.43,41.46
2026-04-01T14:59:46.495234,0,195,196,196,14.8,20.0,20.0,29.53,45.22,1,151,153,153,11.4,21.7,48.6,30.39,41.52
2026-04-01T15:00:46.553779,0,188,190,191,14.2,27.1,46.7,29.42,45.46,1,158,159,159,11.6,19.4,32.8,30.32,42.02
2026-04-01T15:01:46.612337,0,189,190,190,13.2,21.0,24.1,29.43,45.44,1,155,156,157,10.8,18.5,21.6,30.28,41.86
2026-04-01T15:02:46.670915,0,190,190,191,13.2,15.8,22.0,29.34,45.6,1,162,164,165,11.2,21.5,41.1,30.22,42.18
2026-04-01T15:03:46.729484,0,156,157,157,11.1,18.8,32.2,29.29,46.0,1,238,239,239,16.1,21.2,54.3,30.19,42.62
2026-04-01T15:04:46.760658,0,214,214,215,14.5,19.7,49.6,29.27,46.39,1,141,142,142,10.7,15.8,45.8,30.13,42.83
2026-04-01T15:05:46.819244,0,203,203,204,15.4,18.0,34.5,29.17,46.35,1,180,180,180,12.9,15.4,28.9,30.06,42.87
2026-04-01T15:06:46.877789,0,183,184,185,12.7,17.8,64.3,29.12,46.81,1,173,177,177,12.4,30.4,47.0,29.99,43.11
2026-04-01T15:07:46.936373,0,213,214,214,15.2,20.3,20.3,29.02,47.1,1,173,174,174,13.8,16.4,32.9,29.8,43.58
2026-04-01T15:08:46.963905,0,221,223,224,15.6,28.5,61.5,28.94,46.59,1,133,134,134,9.3,11.9,18.1,29.8,43.2
2026-04-01T15:09:47.022486,0,185,187,188,12.9,25.8,45.4,28.86,46.39,1,176,177,178,11.2,16.4,32.9,29.68,42.93
2026-04-01T15:10:47.081073,0,178,181,181,12.6,28.0,68.4,28.82,46.44,1,157,157,157,9.9,15.0,15.0,29.62,43.12
2026-04-01T15:11:47.081540,0,232,233,234,16.4,24.1,43.7,28.76,46.62,1,164,166,166,12.3,22.6,49.5,29.53,43.23
2026-04-01T15:12:47.126891,0,179,179,179,11.9,11.9,25.4,28.7,46.7,1,191,192,192,12.2,19.9,19.9,29.53,43.29
2026-04-01T15:13:47.185473,0,193,194,195,14.1,21.8,38.3,28.61,46.71,1,150,152,152,10.7,21.0,51.0,29.43,43.4
2026-04-01T15:14:47.244056,0,165,166,167,12.1,19.9,26.0,28.55,46.92,1,160,160,161,10.8,16.0,35.6,29.32,43.72
2026-04-01T15:15:47.302641,0,197,199,201,13.9,24.2,111.0,28.46,47.39,1,161,162,163,10.9,18.7,21.7,29.24,43.93
2026-04-01T15:16:47.333022,0,191,192,193,14.2,21.9,44.6,28.37,47.98,1,162,163,163,10.5,18.2,31.7,29.18,44.72
2026-04-01T15:17:47.391577,0,181,182,182,12.4,17.5,23.7,28.15,48.94,1,170,170,171,12.0,12.0,55.4,28.94,45.53
2026-04-01T15:18:47.419121,0,201,204,204,15.5,28.4,44.9,28.11,49.23,1,198,199,199,13.6,21.3,37.8,28.87,45.86
2026-04-01T15:19:47.477701,0,201,202,203,15.0,20.2,35.6,28.03,49.42,1,186,189,189,12.8,25.7,69.1,28.8,45.96
2026-04-01T15:20:47.536279,0,228,230,231,17.2,24.9,47.6,27.95,49.35,1,174,175,175,12.4,15.0,44.9,28.72,46.24
2026-04-01T15:21:47.586854,0,195,197,198,13.7,24.0,91.2,27.88,49.06,1,170,172,172,11.6,21.9,24.9,28.64,45.63
2026-04-01T15:22:47.645399,0,196,198,198,13.9,24.3,24.3,27.8,48.66,1,171,174,174,13.1,28.6,48.2,28.55,45.3
2026-04-01T15:23:47.703975,0,178,179,180,13.9,21.6,38.1,27.72,48.74,1,204,205,205,13.2,18.4,18.4,28.49,45.1
2026-04-01T15:24:47.762540,0,172,174,175,13.0,20.7,30.0,27.64,48.91,1,176,177,178,13.0,20.7,37.2,28.35,45.48
2026-04-01T15:25:47.821121,0,199,201,201,13.9,24.2,77.9,27.54,49.06,1,181,183,183,13.6,21.3,40.9,28.32,45.59
2026-04-01T15:26:47.821809,0,190,190,191,12.4,17.6,20.7,27.44,49.41,1,183,184,184,12.2,17.4,30.8,28.18,45.95
2026-04-01T15:27:47.880355,0,198,199,199,14.0,19.1,89.4,27.2,49.89,1,177,179,179,14.5,27.4,54.3,27.99,46.46
2026-04-01T15:28:47.904628,0,178,181,181,11.5,24.4,51.3,27.18,50.19,1,181,182,182,13.6,16.2,35.8,28.01,46.52
2026-04-01T15:29:47.944655,0,199,199,199,14.2,16.7,30.2,27.11,50.42,1,193,194,194,12.6,17.8,34.3,27.89,46.97
2026-04-01T15:30:47.955008,0,190,190,191,13.3,13.3,40.2,27.05,50.59,1,168,169,169,11.8,16.9,43.8,27.82,47.08
2026-04-01T15:31:48.013595,0,206,207,208,16.3,26.6,29.6,26.97,50.9,1,167,168,168,12.5,17.6,61.0,27.72,47.58
2026-04-01T15:32:48.014042,0,214,216,217,15.2,28.1,61.2,26.92,51.11,1,184,186,186,13.4,26.3,56.3,27.66,47.77
2026-04-01T15:33:48.072597,0,202,203,203,14.8,20.0,36.5,26.87,51.72,1,206,207,208,13.6,21.3,27.5,27.6,48.45
2026-04-01T15:34:48.131177,0,212,213,213,14.2,19.3,35.9,26.79,51.85,1,153,154,155,10.7,18.4,45.3,27.49,48.62
2026-04-01T15:35:48.189761,0,165,166,167,11.7,16.8,46.8,26.71,51.25,1,182,183,183,13.2,15.8,42.6,27.41,47.9
2026-04-01T15:36:48.248338,0,183,183,184,12.7,17.9,64.4,26.62,51.04,1,204,205,206,15.8,23.5,53.5,27.36,47.85
2026-04-01T15:37:48.306920,0,184,186,186,12.8,23.1,50.0,26.45,51.51,1,162,163,164,11.5,16.6,63.1,27.16,48.22
2026-04-01T15:38:48.307364,0,177,178,179,12.8,18.0,24.1,26.37,51.56,1,195,198,198,14.8,30.2,60.2,27.08,48.25
2026-04-01T15:39:48.365943,0,208,209,209,13.3,18.5,18.5,26.36,52.14,1,193,194,195,14.2,21.9,38.4,26.99,48.98
2026-04-01T15:40:48.388652,0,218,219,219,14.9,20.0,36.5,26.32,52.85,1,211,212,213,14.5,19.7,25.9,26.97,49.71
2026-04-01T15:41:48.447234,0,197,197,198,13.0,18.2,64.6,26.22,53.24,1,149,152,152,11.0,26.5,43.0,26.91,50.06
2026-04-01T15:42:48.505816,0,221,222,223,14.9,20.1,47.0,26.22,53.71,1,165,166,166,12.2,17.3,44.2,26.87,50.51
2026-04-01T15:43:48.564360,0,194,195,196,14.1,16.6,49.7,26.18,53.87,1,183,185,185,12.3,20.0,20.0,26.81,50.61
2026-04-01T15:44:48.622939,0,209,210,210,15.0,22.8,25.8,26.08,53.22,1,198,199,199,12.3,17.4,44.3,26.77,50.22
2026-04-01T15:45:48.681510,0,194,196,196,13.6,26.4,39.9,26.1,53.01,1,175,177,177,12.4,22.7,39.2,26.7,49.97
2026-04-01T15:46:48.740087,0,164,164,165,11.4,14.0,40.9,26.04,53.14,1,152,154,154,10.9,18.6,35.1,26.66,50.03
2026-04-01T15:47:48.740657,0,171,173,173,12.8,23.1,39.7,25.9,53.6,1,142,144,144,10.4,23.3,36.7,26.52,50.64
2026-04-01T15:48:48.768168,0,216,217,218,16.5,21.7,38.2,25.83,53.85,1,205,206,206,14.1,19.2,19.2,26.46,50.63
2026-04-01T15:49:48.824606,0,215,216,217,14.8,19.9,86.0,25.85,54.21,1,187,188,188,16.0,18.6,48.6,26.46,51.09
2026-04-01T15:50:48.844310,0,206,207,207,13.3,18.5,27.7,25.77,54.74,1,190,190,190,14.1,16.7,16.7,26.43,51.71
2026-04-01T15:51:48.901573,0,191,192,192,12.6,17.7,44.6,25.79,55.2,1,231,233,233,15.5,23.2,66.6,26.41,52.19
2026-04-01T15:52:48.960153,0,220,223,223,14.6,30.0,63.1,25.73,55.5,1,190,191,191,12.5,15.0,18.1,26.37,52.55
2026-04-01T15:53:49.018704,0,194,195,196,14.0,21.8,78.6,25.7,56.0,1,181,183,183,13.7,26.6,43.1,26.35,52.95
2026-04-01T15:54:49.019032,0,204,207,208,14.2,27.1,63.2,25.72,56.57,1,198,200,201,12.7,23.0,29.2,26.35,53.48
2026-04-01T15:55:49.019452,0,192,195,195,12.9,28.3,51.0,25.66,56.84,1,207,208,208,15.1,22.8,22.8,26.28,53.84
2026-04-01T15:56:49.078037,0,289,292,292,19.4,32.3,51.9,25.66,56.76,1,255,255,256,19.2,24.4,30.5,26.31,53.56
2026-04-01T15:57:49.136622,0,206,208,208,14.7,27.6,54.5,25.62,56.4,1,172,174,174,11.5,21.8,24.9,26.14,53.15
2026-04-01T15:58:49.164170,0,184,186,186,12.9,20.6,61.0,25.62,55.57,1,177,177,178,11.8,11.8,52.2,26.13,52.72
2026-04-01T15:59:49.222719,0,190,190,191,13.1,18.2,48.2,25.59,55.31,1,170,171,171,12.3,17.4,30.9,26.1,52.45
2026-04-01T16:00:49.223003,0,219,219,220,14.5,17.1,57.4,25.57,55.42,1,212,213,214,14.3,22.0,35.4,26.12,52.44
2026-04-01T16:01:49.223184,0,295,298,299,22.3,35.2,125.1,25.51,55.62,1,224,226,226,16.4,24.2,70.6,26.06,52.69
2026-04-01T16:02:49.252652,0,170,170,171,11.6,14.2,29.6,25.55,56.0,1,193,194,195,12.9,20.6,50.5,26.04,53.15
2026-04-01T16:03:49.253018,0,207,208,210,13.8,21.5,36.9,25.49,56.83,1,192,193,194,12.8,17.9,47.9,26.02,53.92
2026-04-01T16:04:49.311565,0,243,245,245,17.4,25.2,25.2,25.45,57.56,1,192,193,194,14.5,22.2,65.6,26.0,54.63
2026-04-01T16:05:49.312296,0,232,234,235,16.4,31.9,64.9,25.41,57.9,1,212,215,216,14.8,32.8,45.1,26.0,54.87
2026-04-01T16:06:49.370864,0,221,224,224,16.7,34.7,51.3,25.41,57.97,1,271,272,273,19.2,26.9,70.3,26.0,55.17
2026-04-01T16:07:49.380650,0,202,203,204,15.0,22.7,82.7,25.39,58.0,1,208,209,209,15.1,22.8,36.3,25.99,55.15
2026-04-01T16:08:49.380926,0,238,240,241,16.9,27.2,49.9,25.37,57.41,1,159,161,162,10.6,20.9,67.4,25.99,54.44
2026-04-01T16:09:49.439472,0,211,213,214,16.9,29.8,55.5,25.39,57.15,1,183,185,186,12.8,25.6,85.5,25.97,54.35
2026-04-01T16:10:49.445413,0,216,218,218,14.7,25.0,58.1,25.39,56.65,1,201,201,202,13.3,15.8,41.6,25.93,53.68
2026-04-01T16:11:49.445666,0,230,231,233,17.2,27.5,87.4,25.34,56.58,1,214,215,216,14.2,21.9,68.4,25.89,53.71
2026-04-01T16:12:49.504248,0,175,177,177,13.6,21.3,21.3,25.34,56.64,1,163,164,164,11.0,16.1,69.9,25.91,53.56
2026-04-01T16:13:49.517725,0,210,210,211,15.2,17.8,61.2,25.31,56.37,1,167,167,167,10.9,13.5,26.9,25.87,53.36
2026-04-01T16:14:49.576270,0,209,212,212,14.6,30.0,33.1,25.35,56.25,1,176,177,177,11.8,19.6,22.6,25.89,53.3
2026-04-01T16:15:49.634827,0,201,204,204,13.8,29.2,56.1,25.33,56.28,1,196,198,199,13.6,23.9,70.3,25.85,53.38
2026-04-01T16:16:49.693408,0,209,209,211,16.2,18.8,54.9,25.27,56.22,1,207,209,210,15.1,25.4,58.4,25.85,53.25
2026-04-01T16:17:49.751989,0,197,198,198,13.4,18.6,24.7,25.31,56.77,1,196,197,197,13.7,18.9,45.7,25.74,54.11
2026-04-01T16:18:49.764649,0,223,224,225,16.1,23.8,86.8,25.25,57.31,1,207,209,210,15.1,30.5,73.9,25.76,54.55
2026-04-01T16:19:49.823197,0,200,201,202,14.5,24.8,30.9,25.21,57.62,1,218,220,220,14.7,25.0,65.3,25.74,54.91
2026-04-01T16:20:49.846083,0,235,237,238,17.2,30.1,90.0,25.23,58.08,1,182,183,184,13.1,20.8,37.3,25.73,55.3
2026-04-01T16:21:49.904661,0,245,246,248,16.8,27.1,76.7,25.23,58.16,1,238,240,241,15.8,23.5,59.6,25.73,55.42
2026-04-01T16:22:49.960647,0,231,233,234,17.1,30.0,79.5,25.19,58.36,1,212,213,214,14.9,20.1,42.7,25.76,55.65
2026-04-01T16:23:50.019224,0,238,240,241,17.0,29.9,46.4,25.19,58.46,1,207,208,209,15.3,20.4,47.3,25.78,55.76
2026-04-01T16:24:50.019350,0,327,329,329,22.8,35.7,49.2,25.17,57.98,1,241,242,243,17.1,22.3,85.3,25.74,55.25
2026-04-01T16:25:50.077896,0,233,233,234,15.8,20.9,34.3,25.11,57.84,1,189,190,191,13.2,20.9,94.3,25.76,54.91
2026-04-01T16:26:50.078385,0,238,239,240,16.2,23.9,67.3,25.17,58.06,1,244,246,247,17.2,32.7,41.9,25.76,55.28
2026-04-01T16:27:50.116650,0,269,270,271,18.3,26.0,51.7,25.13,57.95,1,238,239,239,17.1,24.8,65.1,25.78,55.04
2026-04-01T16:28:50.117549,0,234,236,237,16.7,27.0,36.2,25.15,57.95,1,204,205,205,16.5,21.7,35.1,25.73,54.97
2026-04-01T16:29:50.176132,0,254,256,256,18.2,28.5,34.7,25.13,58.1,1,194,195,196,15.3,20.5,90.8,25.78,55.35
2026-04-01T16:30:50.234680,0,237,240,240,16.5,29.4,45.9,25.13,58.57,1,193,194,194,13.9,19.1,35.6,25.73,55.71
2026-04-01T16:31:50.292606,0,242,243,243,18.4,23.6,40.1,25.15,58.77,1,227,228,228,15.9,23.6,50.5,25.74,55.87
2026-04-01T16:32:50.351183,0,216,217,217,15.5,23.2,23.2,25.11,58.83,1,218,219,219,16.1,23.8,23.8,25.71,55.87
2026-04-01T16:33:50.409762,0,233,233,234,17.0,22.2,44.9,25.1,58.34,1,205,205,206,16.7,19.3,62.7,25.71,55.54
2026-04-01T16:34:50.446414,0,202,203,203,13.6,16.2,56.5,25.06,57.9,1,228,229,229,16.8,22.0,44.6,25.68,54.91
2026-04-01T16:35:50.504960,0,225,228,228,16.4,31.9,51.5,25.11,57.7,1,227,227,228,15.3,15.3,48.3,25.73,54.67
2026-04-01T16:36:50.563559,0,229,232,233,17.8,35.8,76.1,25.06,57.63,1,196,197,197,14.7,19.8,19.8,25.66,54.67
2026-04-01T16:37:50.622134,0,216,218,219,15.4,25.7,45.3,25.08,57.73,1,173,174,175,13.0,20.7,53.8,25.58,54.6
2026-04-01T16:38:50.649682,0,187,189,190,12.7,23.0,35.3,25.1,57.61,1,209,211,212,14.5,24.8,51.7,25.6,54.9
2026-04-01T16:39:50.708263,0,194,196,196,14.0,26.9,26.9,25.08,57.87,1,198,200,201,13.9,24.2,51.1,25.62,55.07
2026-04-01T16:40:50.766844,0,224,225,226,16.1,23.8,40.4,25.06,58.0,1,199,200,200,14.9,17.5,60.9,25.66,55.14
2026-04-01T16:41:50.825389,0,244,246,247,16.8,27.1,110.8,25.1,57.75,1,200,200,201,13.0,15.5,48.6,25.62,55.07
2026-04-01T16:42:50.883966,0,217,220,220,15.3,28.2,47.8,25.08,57.48,1,221,222,222,14.3,22.0,48.9,25.6,54.71
2026-04-01T16:43:50.942535,0,221,222,223,14.7,19.9,49.8,25.02,57.86,1,221,222,223,15.8,20.9,73.6,25.64,54.83
2026-04-01T16:44:50.948650,0,240,241,242,17.1,24.8,50.6,25.06,58.34,1,176,176,176,13.4,13.4,30.0,25.6,55.4
2026-04-01T16:45:50.949704,0,194,196,197,14.2,24.5,81.4,25.02,58.68,1,242,244,244,15.9,26.2,45.8,25.62,55.87
2026-04-01T16:46:51.008248,0,245,247,247,15.7,28.6,42.0,25.02,58.13,1,210,211,211,13.8,21.5,24.6,25.62,55.15
2026-04-01T16:47:51.064604,0,211,212,212,14.3,22.0,35.4,25.0,57.66,1,207,208,208,14.4,17.0,57.3,25.58,54.63
2026-04-01T16:48:51.123176,0,221,221,222,15.9,15.9,65.5,24.98,57.44,1,205,207,208,14.5,30.0,46.5,25.6,54.56
2026-04-01T16:49:51.170887,0,231,233,233,15.8,28.7,31.8,25.0,57.48,1,202,203,203,13.8,21.5,21.5,25.56,54.56
2026-04-01T16:50:51.229443,0,268,269,270,19.1,26.8,29.9,25.0,57.86,1,210,213,213,15.7,31.1,34.2,25.6,55.07
2026-04-01T16:51:51.248765,0,218,221,222,15.6,31.1,64.1,25.0,58.31,1,207,208,209,15.7,23.4,40.0,25.58,55.38
2026-04-01T16:52:51.251172,0,245,246,246,16.2,18.8,35.3,24.98,58.1,1,236,237,238,17.3,25.0,55.0,25.54,55.2
2026-04-01T16:53:51.309754,0,200,201,202,16.2,26.5,40.0,24.93,57.83,1,197,198,199,13.5,18.6,65.1,25.54,54.82
2026-04-01T16:54:51.368337,0,200,201,201,14.4,17.0,20.1,24.89,57.8,1,162,165,166,11.8,32.4,48.9,25.52,54.63
2026-04-01T16:55:51.426878,0,252,252,252,16.8,19.4,32.9,24.89,57.94,1,203,203,204,14.6,17.2,30.6,25.52,54.94
2026-04-01T16:56:51.450488,0,228,230,230,16.0,26.3,29.4,24.91,58.13,1,208,211,211,15.1,33.1,49.6,25.51,55.16
2026-04-01T16:57:51.451189,0,198,198,198,14.6,17.2,57.5,24.89,58.21,1,162,164,165,12.0,19.7,82.7,25.56,55.42
2026-04-01T16:58:51.509772,0,187,187,188,14.1,14.1,44.1,24.87,58.18,1,214,214,215,14.7,17.3,63.8,25.45,55.18
2026-04-01T16:59:51.510679,0,194,195,195,15.0,20.2,60.5,24.85,58.16,1,225,228,228,16.0,34.0,40.2,25.51,55.04
2026-04-01T17:00:51.569229,0,219,221,221,16.9,27.2,30.3,24.84,57.7,1,241,242,243,17.4,22.6,48.3,25.47,54.76
2026-04-01T17:01:51.588684,0,208,210,210,15.9,26.2,45.8,24.85,57.31,1,180,181,182,11.5,19.3,46.1,25.45,54.3
2026-04-01T17:02:51.589431,0,249,249,249,17.4,17.4,30.8,24.85,56.73,1,213,214,215,14.7,25.0,58.0,25.43,53.82
2026-04-01T17:03:51.647997,0,238,239,240,16.7,21.8,35.3,24.85,56.76,1,220,222,222,14.7,25.0,58.1,25.43,53.78
2026-04-01T17:04:51.648464,0,234,236,236,16.5,26.8,29.9,24.85,56.6,1,218,220,220,15.6,28.5,58.5,25.41,53.58
2026-04-01T17:05:51.649341,0,193,195,196,13.9,26.8,67.1,24.82,56.17,1,208,208,209,14.4,17.0,57.3,25.39,53.17
2026-04-01T17:06:51.650981,0,208,210,210,14.6,27.5,70.9,24.84,56.58,1,242,242,243,16.9,16.9,76.9,25.39,53.56
2026-04-01T17:07:51.651407,0,195,196,197,13.8,24.1,27.2,24.8,56.83,1,185,186,187,12.0,22.3,49.1,25.33,53.83
2026-04-01T17:08:51.678988,0,235,237,237,16.9,29.8,43.2,24.84,56.68,1,194,195,196,14.0,21.7,62.0,25.34,53.89
2026-04-01T17:09:51.679475,0,252,254,255,18.1,28.4,58.4,24.85,56.82,1,200,201,202,13.6,18.8,48.7,25.34,53.91
2026-04-01T17:10:51.738018,0,212,213,214,15.4,23.1,42.7,24.87,56.98,1,204,207,208,14.4,27.3,73.8,25.34,54.22
2026-04-01T17:11:51.796585,0,201,203,203,14.2,21.9,21.9,24.84,57.22,1,216,218,219,14.9,30.3,60.3,25.36,54.5
2026-04-01T17:12:51.844652,0,227,228,229,16.4,21.5,47.3,24.84,57.48,1,238,239,239,15.8,21.0,61.3,25.37,54.68
2026-04-01T17:13:51.903244,0,255,256,258,18.2,23.3,72.9,24.87,57.75,1,220,222,223,15.6,25.9,72.4,25.36,54.91
2026-04-01T17:14:51.961826,0,255,258,259,17.8,35.9,55.5,24.84,58.08,1,210,210,211,15.0,20.1,73.9,25.41,55.23
2026-04-01T17:15:51.962485,0,224,225,226,15.0,20.2,42.8,24.87,58.46,1,228,229,230,15.0,22.8,66.2,25.41,55.74
2026-04-01T17:16:52.002221,0,256,259,260,17.4,32.8,62.8,24.84,58.35,1,221,222,223,15.4,20.5,29.8,25.37,55.49
2026-04-01T17:17:52.038671,0,238,240,241,16.0,28.9,58.8,24.8,58.37,1,175,177,177,11.7,19.4,49.3,25.36,55.6
2026-04-01T17:18:52.086022,0,204,207,208,16.0,31.4,104.8,24.82,58.46,1,190,191,192,13.2,20.9,27.0,25.36,55.61
2026-04-01T17:19:52.135878,0,223,224,225,15.6,23.3,63.6,24.78,58.73,1,231,233,234,15.8,23.5,96.8,25.36,56.01
2026-04-01T17:20:52.194460,0,265,267,268,18.9,31.8,78.3,24.8,59.27,1,229,232,232,15.5,33.5,66.6,25.37,56.47
2026-04-01T17:21:52.251234,0,235,236,238,16.9,22.0,74.7,24.78,59.66,1,240,243,243,16.7,32.1,65.2,25.33,56.95
2026-04-01T17:22:52.251729,0,240,242,242,16.6,26.9,40.4,24.74,60.4,1,259,260,261,17.5,25.2,44.8,25.37,57.48
2026-04-01T17:23:52.252352,0,261,262,263,18.5,21.0,60.2,24.74,60.8,1,270,271,271,18.6,26.3,39.7,25.33,57.95
2026-04-01T17:24:52.252683,0,235,236,236,17.4,22.5,36.0,24.76,61.34,1,235,236,237,16.5,26.8,83.7,25.29,58.5
2026-04-01T17:25:52.297518,0,244,246,247,17.6,30.5,69.7,24.72,61.76,1,239,240,240,17.0,19.6,46.5,25.29,58.95
2026-04-01T17:26:52.356066,0,232,232,233,15.7,20.8,74.6,24.7,62.03,1,287,289,290,20.0,30.3,49.9,25.29,59.14
2026-04-01T17:27:52.414620,0,250,250,251,17.6,17.6,56.8,24.68,62.15,1,247,249,250,18.8,31.6,51.2,25.27,59.35
2026-04-01T17:28:52.473198,0,267,268,269,18.6,26.3,59.3,24.68,62.1,1,245,247,248,18.6,34.1,77.5,25.25,59.23
2026-04-01T17:29:52.531766,0,276,276,277,20.5,23.1,69.6,24.7,62.01,1,232,233,234,15.7,20.8,67.3,25.29,59.16
2026-04-01T17:30:52.531986,0,225,227,227,15.3,25.6,45.2,24.68,62.3,1,296,298,299,22.0,34.9,51.4,25.27,59.41
2026-04-01T17:31:52.590567,0,213,213,214,16.3,18.1,24.5,26.51,59.82,1,233,236,237,15.8,31.2,77.7,25.25,60.08
2026-04-01T17:32:52.649104,0,270,271,272,20.0,22.2,30.0,28.53,54.76,1,250,252,253,17.1,24.9,77.5,25.18,60.36
2026-04-01T17:33:52.687146,0,226,231,232,16.3,18.1,24.5,29.94,50.83,1,225,226,226,15.7,18.3,45.2,25.2,60.46
2026-04-01T17:34:52.733995,0,280,281,281,19.8,22.0,29.7,30.89,47.93,1,241,244,245,17.7,38.3,78.6,25.25,60.4
2026-04-01T17:35:52.792617,0,249,252,253,19.3,21.4,29.0,31.66,46.11,1,236,237,239,16.3,24.0,93.2,25.2,60.74
2026-04-01T17:36:52.851195,0,278,279,280,20.5,22.7,30.7,32.23,44.82,1,250,252,253,18.6,31.4,88.3,25.21,61.21
2026-04-01T17:37:52.909740,0,276,277,278,19.7,27.5,81.2,30.52,46.12,1,279,282,282,19.9,35.4,65.3,25.21,61.59
2026-04-01T17:38:52.936604,0,222,223,223,14.8,20.0,46.8,29.75,47.63,1,242,244,244,18.2,26.0,82.8,25.23,61.36
2026-04-01T17:39:52.995183,0,254,255,256,18.2,23.3,66.7,28.68,49.99,1,230,232,232,17.0,24.7,44.3,25.25,61.03
2026-04-01T17:40:53.053767,0,275,276,277,19.0,26.8,43.3,27.91,51.85,1,253,257,258,17.6,38.2,60.9,25.2,60.84
2026-04-01T17:41:53.112348,0,304,305,306,20.7,31.0,47.5,27.35,53.82,1,288,290,291,20.0,35.4,65.4,25.25,61.42
2026-04-01T17:42:53.170896,0,277,279,280,18.3,33.7,53.3,26.97,55.14,1,263,263,264,18.4,21.0,67.5,25.25,61.23
2026-04-01T17:43:53.192749,0,229,232,232,16.4,31.9,45.3,26.71,55.82,1,222,226,227,16.6,39.8,93.6,25.23,60.94
2026-04-01T17:44:53.251328,0,230,231,231,16.1,21.3,40.9,26.41,56.71,1,252,253,253,17.4,22.6,25.6,25.2,60.94
2026-04-01T17:45:53.284649,0,270,271,272,19.6,24.7,54.7,26.2,57.47,1,242,244,245,15.9,28.8,58.8,25.18,60.86
2026-04-01T17:46:53.343229,0,318,320,320,20.8,33.6,47.1,26.06,57.89,1,246,247,248,17.5,25.2,77.9,25.2,60.79
2026-04-01T17:47:53.401813,0,284,284,285,21.3,23.9,40.4,25.85,58.5,1,243,245,245,16.9,27.2,67.5,25.14,60.82
2026-04-01T17:48:53.454715,0,244,245,246,18.5,21.0,54.1,25.68,58.87,1,261,263,264,19.1,29.4,62.4,25.14,60.81
2026-04-01T17:49:53.455018,0,258,261,261,18.4,33.9,60.8,25.61,59.43,1,229,232,233,17.4,35.4,71.5,25.14,60.81
2026-04-01T17:50:53.455208,0,280,281,281,19.6,24.7,51.6,25.43,59.86,1,210,214,214,13.9,37.1,70.1,25.12,60.9
2026-04-01T17:51:53.455583,0,292,294,295,19.3,29.6,73.0,25.34,60.26,1,261,263,264,17.9,28.2,67.4,25.06,61.07
2026-04-01T17:52:53.468660,0,306,307,308,21.5,31.8,34.9,25.27,60.62,1,221,225,226,15.0,35.6,68.6,25.08,60.97
2026-04-01T17:53:53.469110,0,287,289,291,19.8,30.1,82.7,25.19,60.77,1,267,269,270,19.6,35.1,81.6,25.03,60.83
2026-04-01T17:54:53.510337,0,272,272,273,19.5,22.0,58.2,25.08,60.41,1,259,262,262,17.3,32.7,49.2,25.06,60.2
2026-04-01T17:55:53.568917,0,256,257,258,18.4,23.5,43.1,25.04,60.16,1,250,252,253,17.6,30.5,73.9,25.05,59.79
2026-04-01T17:56:53.569404,0,285,287,288,19.6,29.9,52.6,24.98,60.28,1,260,262,263,18.3,31.2,98.4,25.05,59.61
2026-04-01T17:57:53.627984,0,253,254,255,16.8,24.6,47.2,24.93,60.15,1,216,218,218,15.9,28.8,45.3,24.97,59.26
2026-04-01T17:58:53.686531,0,270,272,272,18.1,28.4,55.3,24.91,60.29,1,225,226,227,17.3,25.0,61.1,25.01,59.35
2026-04-01T17:59:53.745088,0,258,259,259,19.3,21.9,54.9,24.84,60.14,1,252,253,254,16.9,22.0,55.1,24.99,58.93
2026-04-01T18:00:53.803665,0,256,258,259,19.8,30.1,82.8,24.76,59.82,1,233,233,234,15.2,17.8,50.8,24.99,58.57
2026-04-01T18:01:53.804120,0,244,245,245,17.3,19.8,29.1,24.74,59.71,1,232,233,233,15.8,18.4,21.5,24.99,58.51
2026-04-01T18:02:53.854461,0,269,271,272,18.3,31.2,37.4,24.76,60.1,1,219,220,220,14.9,17.5,37.1,24.94,58.84
2026-04-01T18:03:53.905536,0,283,285,286,19.6,32.5,49.0,24.7,60.73,1,244,245,246,16.6,24.3,54.3,24.97,59.31
2026-04-01T18:04:53.964090,0,327,329,329,24.3,37.2,40.3,24.66,61.15,1,231,235,235,15.2,33.2,49.8,24.95,59.6
2026-04-01T18:05:53.964184,0,243,245,245,18.1,25.8,32.0,24.68,61.34,1,214,218,220,15.1,38.3,77.5,24.99,59.75
2026-04-01T18:06:54.022754,0,262,262,263,17.7,22.8,52.8,24.68,61.35,1,213,214,215,15.2,22.9,62.1,24.99,59.47
2026-04-01T18:07:54.081370,0,200,203,204,15.5,28.3,64.5,24.62,60.69,1,228,230,231,17.0,29.9,83.6,24.97,58.94
2026-04-01T18:08:54.103585,0,245,247,248,17.7,30.6,50.2,24.55,60.34,1,202,203,204,13.7,24.0,40.5,24.95,58.54
2026-04-01T18:09:54.103856,0,242,243,244,16.9,22.0,71.6,24.6,60.13,1,225,226,227,15.8,23.6,86.6,24.97,58.27
2026-04-01T18:10:54.162435,0,246,248,249,17.7,28.0,56.8,24.55,60.21,1,247,249,250,16.5,32.0,78.5,24.94,58.18
2026-04-01T18:11:54.163500,0,245,247,248,16.5,26.8,100.2,24.59,60.08,1,232,233,234,15.7,20.8,47.7,24.99,58.18
2026-04-01T18:12:54.164420,0,230,231,231,17.1,24.8,31.0,24.59,60.2,1,206,206,207,13.5,16.1,83.2,24.92,58.28
2026-04-01T18:13:54.222981,0,252,255,256,19.3,37.4,67.3,24.59,60.43,1,226,227,228,18.2,23.3,77.1,24.97,58.31
2026-04-01T18:14:54.223901,0,227,230,232,15.4,30.9,70.1,24.57,60.59,1,263,263,264,18.6,21.2,54.2,24.99,58.61
2026-04-01T18:15:54.282453,0,255,257,258,18.5,31.4,98.6,24.54,60.68,1,235,237,238,16.4,31.8,48.3,24.99,58.54
2026-04-01T18:16:54.283098,0,246,248,249,17.7,30.6,53.3,24.57,60.5,1,250,253,253,17.0,35.1,38.2,25.01,58.42
2026-04-01T18:17:54.304218,0,236,237,238,16.6,24.3,33.6,24.59,59.88,1,191,191,192,13.4,15.9,49.0,24.99,57.76
2026-04-01T18:18:54.335137,0,244,245,246,18.1,28.4,58.4,24.57,59.35,1,205,207,207,15.1,22.8,22.8,24.97,57.13
2026-04-01T18:19:54.393684,0,211,213,213,14.8,25.1,55.0,24.48,58.73,1,243,243,243,16.7,16.7,33.2,24.97,56.47
2026-04-01T18:20:54.452239,0,213,215,216,16.5,32.0,45.4,24.54,58.35,1,211,213,213,14.7,22.4,25.5,24.97,55.91
2026-04-01T18:21:54.452436,0,248,250,250,16.7,29.6,59.6,24.52,58.3,1,256,257,257,17.9,20.5,37.0,24.99,55.88
2026-04-01T18:22:54.510999,0,237,237,238,15.9,18.5,61.9,24.52,58.38,1,204,205,205,15.7,23.5,53.4,25.03,55.83
2026-04-01T18:23:54.569580,0,218,219,220,15.4,20.5,50.5,24.46,57.98,1,202,203,203,14.0,19.1,35.7,25.03,55.53
2026-04-01T18:24:54.628161,0,258,259,259,17.5,22.6,52.6,24.48,57.9,1,198,200,201,15.1,28.0,81.7,25.01,55.49
2026-04-01T18:25:54.686704,0,218,220,221,15.8,23.5,70.0,24.44,57.75,1,210,211,212,15.4,23.1,42.7,24.97,55.14
2026-04-01T18:26:54.687670,0,257,259,260,17.4,27.7,44.2,24.44,57.73,1,185,186,187,13.2,18.4,48.3,24.95,55.07
2026-04-01T18:27:54.724667,0,247,248,249,16.9,24.6,44.2,24.44,58.01,1,235,236,236,15.5,20.6,34.1,24.97,55.3
2026-04-01T18:28:54.783234,0,197,199,199,13.8,24.1,67.5,24.4,57.84,1,187,188,189,12.7,23.0,32.3,24.97,55.35
2026-04-01T18:29:54.841813,0,226,228,228,15.1,25.4,38.9,24.42,57.3,1,198,199,199,13.9,19.1,32.5,24.99,54.56
2026-04-01T18:30:54.900359,0,219,219,219,15.5,18.0,31.5,24.46,56.96,1,200,203,203,13.6,31.6,64.7,24.97,54.23
2026-04-01T18:31:54.900714,0,225,226,227,15.6,20.7,77.6,24.42,56.56,1,204,205,206,13.9,21.7,41.3,24.97,53.78
2026-04-01T18:32:54.916649,0,218,218,219,15.2,17.8,37.4,24.42,56.02,1,212,213,213,15.1,22.8,25.9,24.99,53.41
2026-04-01T18:33:54.975216,0,229,230,231,14.7,22.4,68.9,24.44,55.55,1,200,202,202,13.3,21.0,54.1,24.97,53.02
2026-04-01T18:34:55.033794,0,208,209,210,16.3,21.4,41.0,24.46,54.74,1,179,180,181,13.1,18.2,34.8,24.99,51.98
2026-04-01T18:35:55.092329,0,189,189,190,12.4,15.0,34.6,24.46,53.35,1,180,180,180,12.3,12.3,25.7,24.99,50.61
2026-04-01T18:36:55.150888,0,200,201,202,15.5,20.6,60.9,24.4,53.61,1,203,204,205,14.4,19.5,59.9,24.97,50.85
2026-04-01T18:37:55.151762,0,205,207,208,14.0,24.3,64.6,24.38,53.96,1,188,188,189,14.3,14.3,30.9,24.92,51.3
2026-04-01T18:38:55.179298,0,225,227,227,15.1,25.4,25.4,24.36,53.8,1,179,180,181,12.5,20.2,47.1,24.92,51.27
2026-04-01T18:39:55.237871,0,183,186,186,14.4,27.3,54.2,24.4,53.54,1,204,205,205,13.4,23.7,23.7,24.97,50.89
2026-04-01T18:40:55.280615,0,167,168,168,11.5,19.2,46.1,24.46,52.42,1,198,198,198,12.8,15.3,28.8,25.01,49.76
2026-04-01T18:41:55.339167,0,194,194,195,14.0,14.0,23.3,24.48,52.68,1,175,178,178,11.6,27.1,40.5,25.01,50.15
2026-04-01T18:42:55.339916,0,204,205,205,14.3,22.1,22.1,24.54,52.85,1,174,176,176,12.5,22.8,29.0,25.03,50.31
2026-04-01T18:43:55.397547,0,242,244,244,15.9,26.2,39.7,24.55,53.0,1,162,163,164,10.7,15.8,45.8,25.03,50.52
2026-04-01T18:44:55.456129,0,200,200,201,13.8,19.0,25.1,24.59,53.03,1,182,183,183,13.7,18.9,45.8,25.1,50.59
2026-04-01T18:45:55.458248,0,183,183,183,13.2,15.8,18.9,24.59,53.21,1,199,200,201,14.0,19.1,58.3,25.08,50.82
2026-04-01T18:46:55.516786,0,174,175,175,11.8,17.0,33.5,24.64,53.42,1,182,183,183,12.3,14.9,47.9,25.1,51.02
2026-04-01T18:47:55.572692,0,186,186,186,12.7,12.7,39.5,24.54,54.6,1,212,213,213,15.2,20.3,36.8,25.05,52.1
2026-04-01T18:48:55.600227,0,199,200,200,14.4,19.5,33.0,24.52,54.94,1,173,173,175,12.6,12.6,41.5,24.97,52.41
2026-04-01T18:49:55.601255,0,206,207,207,14.4,19.6,36.1,24.57,55.36,1,167,168,170,11.3,21.6,105.3,25.06,52.79
2026-04-01T18:50:55.652650,0,203,204,204,15.7,23.4,23.4,24.6,55.63,1,232,234,235,16.8,24.5,57.6,25.06,53.14
2026-04-01T18:51:55.707209,0,258,260,261,17.9,30.8,56.5,24.6,55.82,1,238,240,241,16.6,26.9,56.8,25.08,53.18
2026-04-01T18:52:55.765768,0,225,226,227,15.7,23.4,39.9,24.62,55.58,1,254,256,257,17.1,29.9,46.5,25.05,53.23
2026-04-01T18:53:55.824345,0,211,213,213,14.5,27.4,43.9,24.62,55.2,1,180,181,181,12.4,17.6,17.6,25.05,52.67
2026-04-01T18:54:55.825018,0,234,234,235,16.8,19.4,73.1,24.62,54.63,1,182,182,182,12.6,15.2,15.2,25.01,52.34
2026-04-01T18:55:55.883600,0,215,217,217,14.7,22.4,65.8,24.62,54.37,1,204,204,204,14.0,14.0,27.4,25.03,51.85
2026-04-01T18:56:55.942148,0,185,186,186,14.4,22.1,38.6,24.66,54.0,1,166,166,167,12.7,15.2,34.8,24.99,51.65
2026-04-01T18:57:56.000701,0,209,209,210,15.7,15.7,35.3,24.55,53.5,1,189,190,190,13.1,20.8,37.3,24.94,51.22
2026-04-01T18:58:56.001450,0,189,190,190,12.3,14.9,21.1,24.55,53.63,1,184,185,186,14.1,24.4,67.8,24.94,51.31
2026-04-01T18:59:56.001532,0,228,229,229,16.4,24.1,37.6,24.6,53.56,1,180,181,181,13.1,18.2,34.7,25.01,51.31
2026-04-01T19:00:56.060113,0,186,187,188,14.4,22.1,78.9,24.64,53.55,1,185,186,187,12.8,18.0,37.6,24.95,51.39
2026-04-01T19:01:56.109494,0,254,254,254,16.7,16.7,30.2,24.66,53.56,1,166,167,168,11.2,19.0,32.4,25.01,51.32
2026-04-01T19:02:56.110751,0,187,189,190,12.9,23.2,39.8,24.66,53.49,1,163,163,164,13.1,15.7,42.6,25.03,51.34
2026-04-01T19:03:56.169333,0,180,181,182,13.6,21.3,51.3,24.66,52.74,1,175,175,175,11.9,14.5,17.6,25.03,50.55
2026-04-01T19:04:56.170126,0,175,176,176,12.3,14.9,14.9,24.7,51.97,1,188,189,189,12.6,17.8,50.8,25.05,49.7
2026-04-01T19:05:56.228711,0,166,167,167,11.0,13.6,33.2,24.66,51.61,1,169,170,171,10.9,16.1,46.1,25.05,49.45
2026-04-01T19:06:56.287295,0,211,211,211,14.5,17.1,30.5,24.72,51.76,1,173,174,174,10.9,13.5,30.0,25.06,49.61
2026-04-01T19:07:56.345112,0,158,159,159,12.1,19.8,26.0,24.64,50.39,1,176,178,178,11.6,19.3,22.4,24.95,48.17
2026-04-01T19:08:56.372624,0,174,175,175,12.5,17.6,17.6,24.64,50.23,1,162,162,162,10.8,10.8,24.3,24.97,48.12
2026-04-01T19:09:56.388654,0,168,170,170,11.6,21.9,48.8,24.7,49.91,1,153,155,155,10.6,18.4,21.4,24.99,47.79
2026-04-01T19:10:56.447234,0,201,203,204,14.6,27.5,57.5,24.64,49.75,1,177,178,178,11.8,14.4,41.3,25.05,47.43
2026-04-01T19:11:56.461526,0,175,176,176,11.7,16.8,33.4,24.7,49.75,1,148,150,151,10.9,21.2,51.2,25.01,47.55
2026-04-01T19:12:56.462365,0,180,183,183,13.1,26.0,82.9,24.7,49.45,1,159,159,161,11.0,16.2,99.9,25.08,47.23
2026-04-01T19:13:56.463635,0,199,200,200,14.7,17.3,33.8,24.74,49.06,1,146,147,147,11.0,16.2,16.2,25.12,46.79
2026-04-01T19:14:56.522220,0,190,191,193,13.3,21.1,57.2,24.7,49.39,1,174,176,176,13.0,20.7,37.3,25.14,47.11
2026-04-01T19:15:56.580797,0,180,182,182,11.3,24.2,24.2,24.78,49.26,1,165,165,166,11.6,14.2,81.4,25.18,46.95
2026-04-01T19:16:56.581657,0,161,161,162,10.5,13.0,29.5,24.8,49.3,1,162,164,165,11.6,24.5,27.6,25.2,46.95
2026-04-01T19:17:56.607166,0,154,155,156,10.8,13.4,63.0,24.7,49.22,1,188,189,189,13.5,16.0,19.1,25.05,46.77
2026-04-01T19:18:56.607700,0,193,195,196,14.0,26.9,33.0,24.68,49.37,1,170,173,173,11.5,26.9,30.0,25.05,47.06
2026-04-01T19:19:56.608098,0,176,177,178,11.9,19.6,28.9,24.68,49.64,1,149,150,150,10.3,15.5,58.9,25.1,47.16
2026-04-01T19:20:56.666671,0,198,199,200,13.9,21.6,27.8,24.74,49.16,1,162,163,164,11.2,19.0,35.5,25.18,46.78
2026-04-01T19:21:56.725237,0,152,155,155,11.5,24.4,27.5,24.76,48.86,1,158,159,159,10.8,15.9,32.4,25.2,46.49
2026-04-01T19:22:56.783818,0,185,187,188,12.6,22.9,45.6,24.78,48.76,1,143,143,143,9.3,9.3,52.7,25.21,46.24
2026-04-01T19:23:56.842357,0,186,186,187,13.6,16.2,25.5,24.8,48.5,1,173,174,174,12.6,17.7,17.7,25.27,46.02
2026-04-01T19:24:56.865600,0,177,178,178,12.8,20.5,20.5,24.8,48.52,1,150,151,151,10.1,15.3,28.7,25.25,46.02
2026-04-01T19:25:56.911305,0,203,204,204,13.1,20.9,37.4,24.82,48.32,1,192,193,194,13.8,18.9,41.6,25.31,45.82
2026-04-01T19:26:56.912266,0,168,169,170,11.5,16.6,46.6,24.89,48.29,1,167,168,169,11.2,13.7,46.8,25.31,45.76
2026-04-01T19:27:56.913211,0,157,158,158,10.2,12.8,42.8,24.76,48.5,1,163,164,164,11.4,16.5,43.4,25.2,45.97
2026-04-01T19:28:56.913735,0,166,168,168,11.2,21.5,61.8,24.74,48.66,1,156,156,156,10.9,10.9,10.9,25.18,46.17
2026-04-01T19:29:56.972291,0,144,145,145,10.8,15.9,29.4,24.76,48.84,1,184,184,185,12.3,14.9,28.3,25.2,46.33
2026-04-01T19:30:56.992744,0,169,170,170,11.8,16.9,16.9,24.8,48.58,1,167,167,167,11.6,14.2,27.6,25.25,46.18
2026-04-01T19:31:56.993718,0,196,197,197,13.9,19.1,38.7,24.84,48.75,1,155,156,157,11.9,22.2,62.5,25.29,46.28
2026-04-01T19:32:56.995365,0,196,196,196,14.5,17.0,43.9,24.85,49.06,1,193,195,195,13.3,23.6,37.0,25.27,46.66
2026-04-01T19:33:56.997055,0,176,177,177,12.3,14.8,21.0,24.89,49.48,1,158,158,159,12.7,17.9,40.6,25.29,47.1
2026-04-01T19:34:57.055615,0,161,163,163,10.9,21.2,40.8,24.87,49.59,1,160,161,162,10.6,15.7,59.1,25.33,47.21
2026-04-01T19:35:57.063953,0,206,207,208,13.8,19.0,35.5,24.87,49.38,1,159,160,161,10.7,18.4,58.7,25.31,46.86
2026-04-01T19:36:57.122518,0,186,188,188,12.6,20.4,50.3,24.93,49.61,1,179,180,181,12.4,20.1,53.2,25.34,47.1
2026-04-01T19:37:57.181097,0,177,177,177,12.6,12.6,26.1,24.84,48.92,1,164,164,164,12.0,12.0,12.0,25.27,46.43
2026-04-01T19:38:57.181827,0,153,155,155,9.6,17.3,23.5,24.84,48.86,1,145,146,146,10.7,18.5,58.8,25.21,46.35
2026-04-01T19:39:57.182154,0,167,169,169,12.7,20.4,63.8,24.84,48.61,1,165,165,165,10.8,10.8,24.2,25.29,46.12
2026-04-01T19:40:57.240708,0,170,170,171,11.2,11.2,44.2,24.85,48.49,1,144,145,145,10.5,18.2,31.6,25.33,45.82
2026-04-01T19:41:57.299288,0,188,189,190,13.7,24.0,37.4,24.89,48.09,1,166,167,167,12.7,15.3,18.4,25.29,45.56
2026-04-01T19:42:57.312010,0,163,164,165,11.1,16.2,35.8,24.89,48.41,1,143,144,144,10.2,15.3,31.8,25.31,45.86
2026-04-01T19:43:57.370589,0,175,176,176,11.7,14.2,44.2,24.84,48.52,1,179,181,182,12.4,20.2,56.3,25.31,45.88
2026-04-01T19:44:57.429135,0,142,143,144,9.9,15.0,48.1,24.84,48.62,1,215,217,218,13.9,24.2,40.7,25.31,46.03
2026-04-01T19:45:57.429603,0,158,159,159,12.1,19.8,19.8,24.84,49.06,1,148,150,150,10.4,20.7,23.8,25.29,46.4
2026-04-01T19:46:57.488180,0,173,175,175,12.3,25.2,25.2,24.82,48.71,1,163,163,164,11.0,16.2,19.3,25.27,46.06
2026-04-01T19:47:57.489196,0,176,177,178,12.3,17.4,87.7,24.7,48.61,1,135,136,137,9.5,14.7,41.6,25.18,45.89
2026-04-01T19:48:57.512974,0,175,176,177,11.2,16.3,19.4,24.66,48.76,1,160,160,161,10.9,13.5,30.0,25.14,46.03
2026-04-01T19:49:57.513537,0,199,202,202,14.1,29.6,32.7,24.66,49.02,1,150,152,152,10.4,18.2,34.7,25.18,46.4
2026-04-01T19:50:57.572098,0,162,163,164,13.2,23.5,40.0,24.72,49.02,1,158,158,159,10.4,12.9,42.9,25.25,46.43
2026-04-01T19:51:57.630676,0,165,166,166,12.5,17.7,20.8,24.74,48.82,1,155,157,157,10.5,18.2,21.3,25.21,45.99
2026-04-01T19:52:57.689247,0,164,165,165,11.7,19.5,36.0,24.72,49.05,1,170,171,171,11.8,17.0,17.0,25.23,46.43
2026-04-01T19:53:57.747828,0,190,191,191,12.8,15.4,45.3,24.72,49.44,1,181,183,183,12.5,25.4,38.9,25.21,46.83
2026-04-01T19:54:57.806411,0,156,157,157,10.4,15.6,15.6,24.78,49.41,1,149,150,151,11.9,17.0,66.6,25.31,46.84
2026-04-01T19:55:57.864956,0,203,204,205,13.4,21.1,27.3,24.8,49.45,1,179,181,181,12.6,22.9,36.3,25.29,46.71
2026-04-01T19:56:57.920625,0,177,178,179,12.0,22.3,49.1,24.78,49.57,1,177,179,179,12.6,20.3,63.7,25.29,47.06
2026-04-01T19:57:57.979212,0,172,174,174,11.7,24.6,27.6,24.68,49.31,1,137,138,138,9.9,15.0,45.0,25.16,46.58
2026-04-01T19:58:58.006758,0,153,155,155,10.4,20.7,37.2,24.62,49.1,1,157,158,158,11.0,16.2,32.7,25.14,46.45
2026-04-01T19:59:58.065339,0,146,147,147,10.0,12.6,32.2,24.66,48.82,1,181,182,182,12.1,17.3,57.6,25.16,46.18
2026-04-01T20:00:58.065645,0,161,162,163,10.8,15.9,59.3,24.72,48.69,1,164,166,166,11.7,24.6,41.1,25.21,45.98
2026-04-01T20:01:58.067540,0,190,191,191,13.9,19.0,35.6,24.72,48.78,1,159,162,162,11.5,27.0,53.9,25.23,46.13
2026-04-01T20:02:58.126119,0,183,183,184,13.8,16.4,36.0,24.76,48.92,1,168,169,170,12.3,17.5,63.9,25.2,46.32
2026-04-01T20:03:58.126818,0,177,178,178,13.3,21.0,61.4,24.76,49.04,1,159,161,161,10.5,20.8,34.3,25.23,46.46
2026-04-01T20:04:58.127503,0,199,200,200,13.6,23.9,23.9,24.78,49.34,1,155,157,157,11.4,19.1,59.4,25.27,46.75
2026-04-01T20:05:58.186047,0,233,234,234,14.4,19.6,46.4,24.8,48.81,1,200,201,201,15.7,18.3,45.2,25.25,46.17
2026-04-01T20:06:58.244604,0,201,203,203,14.7,22.5,62.8,24.76,48.58,1,135,136,136,9.6,12.2,28.7,25.21,46.04
2026-04-01T20:07:58.303182,0,157,158,159,11.4,19.1,52.2,24.64,48.52,1,184,185,186,12.4,20.1,26.3,25.12,45.78
2026-04-01T20:08:58.330728,0,177,178,178,12.2,19.9,19.9,24.64,48.88,1,177,179,179,11.7,24.6,51.5,25.12,46.17
2026-04-01T20:09:58.343428,0,167,170,171,11.2,26.7,49.4,24.64,49.09,1,168,170,171,11.6,21.9,78.8,25.21,46.5
2026-04-01T20:10:58.392662,0,178,178,179,12.6,12.6,32.2,24.66,49.1,1,167,167,167,11.0,13.6,40.5,25.18,46.32
2026-04-01T20:11:58.451203,0,179,180,180,11.7,19.4,19.4,24.7,48.32,1,139,140,141,9.8,17.5,47.5,25.21,45.46
2026-04-01T20:12:58.508689,0,201,203,203,14.7,25.0,28.0,24.74,47.92,1,164,166,167,12.2,22.5,62.8,25.27,45.24
2026-04-01T20:13:58.532649,0,188,190,191,12.8,28.2,55.1,24.76,47.72,1,151,151,151,10.6,13.2,26.6,25.25,44.98
2026-04-01T20:14:58.591227,0,178,179,179,12.4,15.0,41.8,24.78,47.55,1,157,158,158,12.1,14.6,28.1,25.27,44.84
2026-04-01T20:15:58.649810,0,160,160,161,12.0,12.0,18.2,24.8,47.78,1,171,174,174,11.9,24.8,24.8,25.29,45.08
2026-04-01T20:16:58.660602,0,160,161,161,11.2,13.8,27.2,24.78,47.26,1,141,143,143,9.7,20.0,33.5,25.31,44.55
2026-04-01T20:17:58.719158,0,174,175,175,13.8,19.0,45.8,24.72,47.1,1,176,177,178,13.0,18.2,48.2,25.23,44.43
2026-04-01T20:18:58.719418,0,190,191,191,13.3,15.9,18.9,24.7,47.29,1,136,136,136,9.7,12.3,12.3,25.18,44.5
2026-04-01T20:19:58.778003,0,196,199,199,13.7,31.7,34.8,24.76,47.5,1,182,185,185,12.6,28.1,81.8,25.25,44.9
2026-04-01T20:20:58.778688,0,199,199,200,12.6,12.6,29.1,24.8,47.58,1,129,130,130,8.9,14.0,17.1,25.27,45.0
2026-04-01T20:21:58.820602,0,162,163,163,12.0,14.5,14.5,24.84,47.73,1,156,158,159,11.0,23.8,43.4,25.31,45.05
2026-04-01T20:22:58.879156,0,199,202,202,13.8,29.3,56.1,24.84,48.05,1,180,181,181,14.4,19.6,19.6,25.27,45.57
2026-04-01T20:23:58.916037,0,194,195,195,13.3,21.0,47.9,24.85,48.5,1,171,172,172,11.6,14.1,44.1,25.29,45.85
2026-04-01T20:24:58.916647,0,170,171,172,11.4,19.1,32.6,24.85,48.61,1,155,156,156,11.1,16.3,59.7,25.33,46.15
2026-04-01T20:25:58.975229,0,201,201,202,13.8,16.4,49.5,24.85,48.48,1,187,189,190,13.1,25.9,72.4,25.31,45.96
2026-04-01T20:26:58.975756,0,176,176,177,12.5,12.5,35.2,24.89,48.31,1,164,166,166,10.9,21.2,21.2,25.25,45.71
2026-04-01T20:27:59.034302,0,173,174,174,13.2,18.3,58.6,24.76,48.5,1,162,162,162,12.1,12.1,12.1,25.18,46.08
2026-04-01T20:28:59.061848,0,196,198,198,14.2,21.9,28.1,24.74,48.56,1,158,159,160,10.6,20.9,27.0,25.16,46.11
2026-04-01T20:29:59.077553,0,191,191,192,14.6,19.8,26.0,24.78,48.62,1,162,163,163,11.0,16.2,29.6,25.2,46.32
2026-04-01T20:30:59.118219,0,172,174,174,11.9,19.6,28.8,24.8,48.86,1,214,216,216,14.7,22.5,39.0,25.21,46.42
2026-04-01T20:31:59.176817,0,204,205,206,13.8,21.5,24.6,24.84,48.58,1,161,165,165,10.8,31.4,51.0,25.18,46.15
2026-04-01T20:32:59.205963,0,173,174,174,13.3,15.9,18.9,24.85,48.86,1,184,186,187,13.5,26.4,42.9,25.21,46.49
2026-04-01T20:33:59.264544,0,192,193,194,14.7,17.2,36.8,24.87,49.21,1,194,197,197,14.2,27.0,30.1,25.23,46.95
2026-04-01T20:34:59.323126,0,187,189,189,13.0,20.7,50.7,24.89,49.05,1,180,181,182,12.6,17.8,53.9,25.29,46.81
2026-04-01T20:35:59.332605,0,198,199,200,14.3,16.9,49.9,24.91,48.81,1,158,159,159,11.4,16.5,33.1,25.29,46.45
2026-04-01T20:36:59.391158,0,186,186,186,12.8,15.4,15.4,24.89,48.3,1,156,156,156,10.8,10.8,24.2,25.25,45.95
2026-04-01T20:37:59.449738,0,179,179,179,13.0,13.0,16.1,24.84,48.58,1,174,175,175,12.0,19.7,33.1,25.16,46.24
2026-04-01T20:38:59.477273,0,186,187,187,12.5,17.6,47.6,24.82,48.68,1,155,156,156,11.0,16.1,19.2,25.2,46.28
2026-04-01T20:39:59.535851,0,187,187,187,13.4,15.9,15.9,24.85,48.92,1,177,178,178,12.0,17.2,36.8,25.2,46.64
2026-04-01T20:40:59.556652,0,195,198,199,13.3,26.2,72.7,24.87,49.18,1,190,192,192,13.1,26.0,39.4,25.23,46.86
2026-04-01T20:41:59.557246,0,192,195,196,13.6,26.4,49.1,24.85,49.38,1,169,171,171,12.6,22.9,76.7,25.23,47.04
2026-04-01T20:42:59.612630,0,208,208,209,14.3,16.9,46.9,24.91,49.1,1,182,183,184,12.2,19.9,49.9,25.29,46.75
2026-04-01T20:43:59.669555,0,216,217,218,16.5,21.7,51.6,24.91,48.95,1,185,187,188,13.2,26.1,72.5,25.27,46.69
2026-04-01T20:44:59.728138,0,196,198,198,12.9,28.4,41.8,24.91,48.64,1,170,172,172,11.7,19.5,49.4,25.25,46.31
2026-04-01T20:45:59.786721,0,194,196,197,13.0,20.8,43.4,24.96,48.45,1,173,174,174,13.1,18.3,34.8,25.29,46.24
2026-04-01T20:46:59.833592,0,213,214,215,14.3,24.6,44.2,24.98,48.68,1,169,171,172,11.2,24.1,54.0,25.29,46.32
2026-04-01T20:47:59.892151,0,204,206,207,14.5,24.8,57.8,24.89,49.32,1,216,218,218,14.4,27.3,46.9,25.18,47.05
2026-04-01T20:48:59.919698,0,224,225,226,15.2,20.3,50.3,24.87,49.46,1,159,159,160,11.9,11.9,41.8,25.2,47.21
2026-04-01T20:49:59.978279,0,192,193,193,13.9,19.1,46.0,24.91,49.66,1,193,194,194,13.3,15.9,32.4,25.23,47.63
2026-04-01T20:51:00.036862,0,168,169,169,12.2,17.4,30.8,24.91,49.69,1,202,202,203,14.8,17.4,33.9,25.2,47.7
2026-04-01T20:52:00.095407,0,204,206,206,14.5,24.8,27.9,24.93,49.9,1,178,179,180,11.7,19.4,25.6,25.21,47.75
2026-04-01T20:53:00.153960,0,218,219,219,14.2,19.4,22.5,24.89,49.89,1,164,164,164,11.7,11.7,14.7,25.23,47.81
2026-04-01T20:54:00.212538,0,197,198,199,13.9,19.0,22.1,24.94,50.05,1,192,194,195,14.2,24.6,33.8,25.23,47.9
2026-04-01T20:55:00.261545,0,210,211,212,14.1,21.8,38.3,24.93,49.96,1,191,191,192,13.0,15.5,88.9,25.23,48.06
2026-04-01T20:56:00.261819,0,203,204,204,14.4,19.5,49.5,24.96,50.22,1,161,162,163,11.8,16.9,20.0,25.23,48.22
2026-04-01T20:57:00.262408,0,223,224,224,15.2,23.0,39.5,24.93,50.1,1,171,173,173,11.1,21.4,48.3,25.23,48.13
2026-04-01T20:58:00.320954,0,194,195,196,13.4,16.0,49.0,24.78,50.74,1,201,202,202,14.3,22.0,35.5,25.1,48.79
2026-04-01T20:59:00.328684,0,220,221,221,14.7,17.3,50.3,24.78,50.95,1,194,194,195,13.8,16.4,22.5,25.06,49.05
2026-04-01T21:00:00.329555,0,209,209,210,14.3,19.5,65.9,24.84,51.07,1,170,171,171,11.6,14.2,41.1,25.06,49.21
2026-04-01T21:01:00.388137,0,218,219,220,14.9,22.7,42.3,24.82,50.82,1,188,190,191,12.7,25.6,55.6,25.1,48.83
2026-04-01T21:02:00.435926,0,201,202,202,15.0,20.2,47.0,24.82,50.83,1,191,191,191,13.5,13.5,16.6,25.08,48.85
2026-04-01T21:03:00.436671,0,200,201,202,13.5,21.3,57.4,24.82,51.02,1,175,176,176,12.3,14.9,31.4,25.03,49.02
2026-04-01T21:04:00.484609,0,238,239,239,15.8,20.9,47.8,24.84,51.34,1,221,222,223,15.2,20.4,60.7,25.06,49.45
2026-04-01T21:05:00.543188,0,207,209,209,14.1,24.4,30.6,24.82,51.57,1,178,179,180,12.6,20.3,50.3,25.06,49.74
2026-04-01T21:06:00.601767,0,178,179,179,12.3,20.0,20.0,24.82,51.84,1,224,224,224,16.2,18.7,45.6,25.1,49.79
2026-04-01T21:07:00.635763,0,222,224,224,15.3,23.0,36.5,24.8,51.91,1,182,183,183,13.2,18.4,31.8,25.1,49.99
2026-04-01T21:08:00.694311,0,190,191,192,13.7,24.0,50.9,24.66,52.54,1,176,176,177,13.5,16.1,69.8,24.94,50.43
2026-04-01T21:09:00.721832,0,198,199,199,13.6,16.2,19.2,24.62,52.83,1,173,173,173,12.3,12.3,52.6,24.97,50.72
2026-04-01T21:10:00.722125,0,200,201,201,14.3,19.5,36.0,24.62,52.58,1,212,214,214,15.3,25.6,39.0,24.95,50.55
2026-04-01T21:11:00.772649,0,184,187,188,11.9,27.4,90.4,24.68,52.5,1,178,179,180,12.8,20.6,43.2,24.95,50.42
2026-04-01T21:12:00.831234,0,220,221,222,15.2,20.3,29.6,24.64,52.42,1,199,203,203,13.6,34.2,64.1,25.01,50.28
2026-04-01T21:13:00.889817,0,201,203,204,13.4,23.7,56.8,24.68,52.15,1,197,197,197,14.0,14.0,17.1,25.01,50.02
2026-04-01T21:14:00.890561,0,213,214,214,16.1,21.2,34.7,24.72,52.27,1,245,246,247,16.9,22.1,71.6,24.99,50.23
2026-04-01T21:15:00.890665,0,208,210,211,14.7,25.0,71.4,24.66,52.56,1,216,217,218,15.5,23.2,56.2,24.99,50.75
2026-04-01T21:16:00.890902,0,216,217,218,14.9,25.2,68.6,24.7,52.74,1,165,166,166,11.8,17.0,17.0,24.99,50.85
2026-04-01T21:17:00.949488,0,246,248,248,16.6,26.9,29.9,24.7,53.14,1,195,196,197,14.8,20.0,66.5,24.97,51.23
2026-04-01T21:18:01.008070,0,208,210,210,15.1,22.8,52.8,24.59,53.75,1,194,196,197,14.0,26.9,56.9,24.89,51.96
2026-04-01T21:19:01.028601,0,226,226,226,16.2,16.2,29.6,24.57,53.61,1,205,207,208,15.3,25.6,61.7,24.85,51.64
2026-04-01T21:20:01.037804,0,232,233,233,15.6,18.1,18.1,24.59,53.17,1,200,201,202,13.3,18.5,38.1,24.85,51.21
2026-04-01T21:21:01.086119,0,223,224,225,15.7,20.9,27.1,24.59,53.24,1,180,182,182,12.4,22.7,52.7,24.87,51.34
2026-04-01T21:22:01.144710,0,195,195,196,14.2,16.8,36.4,24.57,52.83,1,160,161,162,11.8,19.5,49.4,24.83,51.05
2026-04-01T21:23:01.145744,0,217,219,220,14.6,27.5,57.4,24.59,52.27,1,189,191,191,13.2,26.1,26.1,24.85,50.43
2026-04-01T21:24:01.204292,0,214,214,215,14.8,19.9,76.7,24.57,52.29,1,201,201,201,14.2,14.2,17.3,24.81,50.58
2026-04-01T21:25:01.205041,0,183,184,184,12.3,17.5,30.9,24.6,52.63,1,225,225,226,15.0,17.6,23.8,24.87,50.68
2026-04-01T21:26:01.263618,0,219,221,222,16.7,27.0,67.3,24.57,53.15,1,188,189,189,14.1,19.2,32.7,24.9,51.22
2026-04-01T21:27:01.284649,0,214,217,217,14.5,29.9,46.4,24.6,53.57,1,229,229,229,15.4,15.4,28.9,24.87,51.65
2026-04-01T21:28:01.285933,0,234,235,235,15.0,17.5,20.6,24.5,53.42,1,225,226,226,14.8,17.4,20.5,24.75,51.54
2026-04-01T21:29:01.313469,0,196,197,198,14.6,19.8,59.0,24.48,53.38,1,234,235,235,15.4,23.1,63.5,24.75,51.48
2026-04-01T21:30:01.372025,0,201,204,204,14.1,32.2,32.2,24.46,53.4,1,184,184,185,14.2,16.8,36.4,24.74,51.35
2026-04-01T21:31:01.430603,0,187,189,189,12.9,23.2,26.3,24.52,53.24,1,181,184,184,12.2,25.1,38.5,24.75,51.15
2026-04-01T21:32:01.487089,0,225,226,227,16.5,21.7,27.8,24.54,52.62,1,196,196,196,13.7,16.3,29.7,24.85,50.64
2026-04-01T21:33:01.545671,0,264,266,266,17.5,30.4,36.6,24.59,52.44,1,159,160,161,10.4,15.5,48.6,24.87,50.58
2026-04-01T21:34:01.604250,0,218,219,220,14.7,19.9,52.9,24.62,52.44,1,189,190,192,13.3,21.0,46.8,24.89,50.42
2026-04-02T00:35:06.840420,0,206,207,208,14.8,25.1,28.2,24.6,53.08,1,219,220,221,14.8,19.9,46.8,24.92,51.16
2026-04-02T00:36:06.869506,0,220,220,221,15.3,20.4,23.5,24.6,53.31,1,221,222,222,14.9,20.0,46.9,24.89,51.38
2026-04-02T00:37:06.880396,0,194,196,196,13.7,24.0,37.5,24.6,53.48,1,219,220,221,15.9,23.6,63.9,24.9,51.52
2026-04-02T00:38:06.888654,0,249,249,250,18.2,20.7,64.1,24.44,53.69,1,231,232,232,15.1,17.7,47.6,24.72,51.65
2026-04-02T00:39:06.916191,0,258,259,260,16.9,22.0,92.3,24.4,53.78,1,185,186,186,12.4,17.5,31.0,24.74,51.87
2026-04-02T00:40:06.974770,0,206,207,208,15.2,20.4,53.4,24.48,53.82,1,203,203,204,14.3,16.8,46.8,24.75,51.88
